GEOID,n_seg,pop,pct_black,pct_vacant,medinck,streetlights,facade,pavement,continuity,no_hazard,crossing,curb_ramp,canopy
29510123200,56,2878,36.0,6.1,75.23,92.86,57.14,80.36,82.14,35.71,5.36,7.14,53.7
29510124600,82,1720,66.28,20.28,36.92,92.68,63.41,81.71,68.29,20.73,6.1,13.41,57.53
29510125500,61,4502,35.3,15.25,63.69,98.36,93.44,86.89,88.52,13.11,18.03,19.67,49.06
29510104500,108,2270,10.13,19.42,62.92,86.11,88.89,82.41,83.33,29.63,12.04,15.74,65.17
29510106100,56,1555,98.2,29.82,27.35,92.86,82.14,100.0,83.93,25.0,8.93,8.93,74.07
29510105500,68,2636,88.2,26.5,53.88,85.29,85.29,95.59,86.76,48.53,5.88,4.41,58.46
29510105200,42,2925,40.58,12.88,50.48,71.43,76.19,95.24,88.1,23.81,9.52,11.9,56.1
29510105300,57,2127,81.01,12.82,18.66,94.74,91.23,100.0,92.98,45.61,3.51,14.04,57.89
29510105400,38,2498,83.87,15.77,57.63,89.47,86.84,97.37,92.11,26.32,10.53,15.79,51.52
29510104200,62,3450,11.33,12.02,68.24,88.71,88.71,95.16,90.32,19.35,4.84,6.45,72.13
29510103600,71,1360,2.28,13.41,78.82,87.32,80.28,76.06,84.51,25.35,9.86,14.08,50.72
29510105198,57,3556,8.38,8.54,87.92,82.46,84.21,94.74,89.47,33.33,5.26,5.26,56.6
29510106500,54,2802,91.04,33.43,42.2,83.33,77.78,96.3,74.07,24.07,5.56,9.26,48.0
29510106600,51,1186,92.83,35.85,,90.2,84.31,92.16,74.51,17.65,9.8,15.69,60.0
29510106300,58,1230,100.0,45.09,27.66,79.31,62.07,100.0,63.79,25.86,8.62,5.17,70.91
29510107200,39,1015,92.32,36.16,29.73,87.18,71.79,89.74,58.97,35.9,5.13,12.82,56.76
29510106700,70,3347,95.4,38.88,56.17,65.71,65.71,97.14,51.43,22.86,7.14,4.29,51.52
29510107400,60,2048,76.07,29.62,43.88,81.67,66.67,93.33,38.33,23.33,6.67,8.33,79.31
29510107500,53,1539,91.75,34.2,,75.47,71.7,94.34,47.17,7.55,7.55,7.55,63.27
29510107600,57,1659,95.96,29.97,36.56,75.44,57.89,75.44,71.93,26.32,3.51,12.28,82.35
29510111100,65,1944,95.99,21.55,,73.85,72.31,95.38,60.0,30.77,7.69,9.23,68.33
29510111200,56,909,82.62,42.39,50.25,62.5,50.0,98.21,46.43,23.21,5.36,5.36,61.11
29510111300,56,1542,93.9,27.8,27.87,69.64,58.93,98.21,48.21,41.07,5.36,5.36,74.07
29510112200,37,1257,81.23,31.91,39.17,78.38,78.38,94.59,72.97,43.24,8.11,21.62,65.62
29510115400,53,2875,36.1,15.8,41.72,86.79,92.45,96.23,79.25,18.87,5.66,7.55,45.28
29510115500,68,6370,57.68,14.41,46.35,79.41,98.53,100.0,64.71,25.0,2.94,7.35,37.1
29510115600,87,4490,39.06,12.59,28.05,88.51,72.41,88.51,78.16,37.93,5.75,4.6,55.42
29510119200,42,1652,35.11,19.59,87.16,71.43,92.86,100.0,69.05,23.81,0.0,4.76,45.95
29510119300,64,3895,14.87,25.01,28.91,92.19,96.88,90.62,85.94,21.88,9.38,9.38,39.29
29510120200,33,1233,93.43,18.97,38.35,81.82,72.73,90.91,51.52,18.18,12.12,9.09,55.56
29510114200,81,4146,11.75,10.14,73.62,81.48,93.83,96.3,90.12,46.91,8.64,7.41,56.96
29510114300,77,5939,3.47,4.24,78.54,79.22,98.7,100.0,92.21,48.05,3.9,3.9,54.41
29510115100,62,3966,24.05,13.91,46.76,75.81,93.55,96.77,75.81,29.03,6.45,4.84,59.32
29510110400,54,2639,92.16,27.6,47.96,81.48,66.67,92.59,62.96,20.37,3.7,11.11,68.52
29510110500,52,721,89.88,48.42,28.23,84.62,82.69,90.38,53.85,25.0,5.77,7.69,65.22
29510110100,58,1961,98.88,41.45,30.08,74.14,72.41,94.83,46.55,20.69,6.9,10.34,72.73
29510110200,41,2199,93.22,34.44,25.78,73.17,78.05,95.12,53.66,21.95,2.44,12.2,68.29
29510112300,48,1553,87.51,39.97,31.76,70.83,75.0,91.67,64.58,33.33,4.17,4.17,61.36
29510116100,47,3306,35.81,14.18,41.58,80.85,100.0,97.87,80.85,25.53,8.51,8.51,66.67
29510116200,106,3737,11.05,12.4,91.1,83.02,76.42,92.45,87.74,48.11,9.43,11.32,62.14
29510116400,58,5259,62.98,21.13,43.4,81.03,96.55,94.83,77.59,17.24,3.45,3.45,41.18
29510107300,87,4283,95.33,23.05,38.22,82.76,85.06,97.7,72.41,29.89,2.3,9.2,66.27
29510118600,141,3977,16.19,11.34,64.07,92.2,78.72,85.11,87.94,24.11,15.6,9.22,57.01
29510113500,95,2444,2.54,8.78,58.42,78.95,87.37,89.47,87.37,15.79,6.32,6.32,53.25
29510117100,55,1523,6.57,19.14,53.9,81.82,78.18,85.45,78.18,47.27,3.64,5.45,67.92
29510115700,50,3512,48.29,17.16,46.9,76.0,86.0,88.0,80.0,28.0,10.0,8.0,57.14
29510121200,44,2135,97.1,19.91,30.05,84.09,65.91,88.64,68.18,29.55,15.91,9.09,54.29
29510115200,68,2682,45.53,10.34,40.06,83.82,89.71,94.12,82.35,20.59,4.41,14.71,63.33
29510108200,47,1746,94.16,19.31,36.23,85.11,89.36,93.62,80.85,42.55,12.77,8.51,71.43
29510108300,43,1835,94.77,17.75,40.91,95.35,81.4,93.02,79.07,44.19,2.33,6.98,69.77
29510112400,52,4109,5.48,10.12,73.82,69.23,88.46,94.23,76.92,21.15,9.62,13.46,47.92
29510115300,85,4987,27.73,12.68,49.53,87.06,84.71,97.65,70.59,27.06,3.53,10.59,45.0
29510117200,72,4886,18.89,9.74,96.03,86.11,80.56,95.83,87.5,45.83,6.94,4.17,73.91
29510109700,145,1738,93.1,43.94,41.77,70.34,48.97,82.76,57.93,31.03,8.28,4.14,57.85
29510106200,47,1658,97.17,36.19,24.22,85.11,48.94,95.74,74.47,17.02,8.51,6.38,84.09
29510109600,125,3185,94.44,26.99,32.1,81.6,59.2,73.6,72.0,33.6,3.2,4.8,57.14
29510118100,68,1190,30.92,18.46,66.09,76.47,75.0,86.76,67.65,17.65,8.82,5.88,52.54
29510117400,69,4004,20.03,10.57,86.47,82.61,97.1,95.65,81.16,28.99,4.35,7.25,39.71
29510126700,108,804,73.63,57.99,44.17,75.0,50.0,71.3,61.11,36.11,5.56,6.48,42.11
29510127700,100,2166,95.11,36.66,25.82,83.0,46.0,96.0,59.0,27.0,6.0,4.0,45.16
29510127800,117,3543,53.49,12.73,21.68,94.02,81.2,83.76,85.47,17.95,9.4,11.11,41.77
29510103100,67,3072,14.45,5.31,57.68,86.57,91.04,91.04,88.06,40.3,2.99,8.96,54.1
29510103400,53,1856,3.99,6.11,65.62,84.91,92.45,86.79,81.13,37.74,3.77,1.89,58.49
29510102500,44,1924,4.05,6.87,62.42,95.45,90.91,100.0,93.18,29.55,9.09,6.82,58.14
29510108100,86,3341,95.42,25.94,42.44,91.86,80.23,89.53,84.88,30.23,4.65,9.3,71.08
29510102300,54,2568,29.13,2.78,58.75,88.89,74.07,100.0,81.48,27.78,5.56,3.7,62.0
29510102400,33,2636,20.86,10.18,53.88,87.88,100.0,96.97,84.85,30.3,15.15,9.09,40.62
29510101800,82,3146,35.16,22.03,38.75,92.68,82.93,92.68,59.76,20.73,12.2,8.54,58.21
29510102100,70,2410,5.44,11.04,58.65,94.29,80.0,95.71,94.29,40.0,7.14,11.43,47.14
29510102200,137,5292,4.35,6.96,86.9,91.24,94.16,97.08,91.24,39.42,8.76,8.76,49.22
29510101100,68,2254,10.6,3.47,56.14,92.65,80.88,89.71,94.12,33.82,5.88,10.29,63.08
29510101200,64,3563,19.96,9.15,86.9,93.75,93.75,100.0,98.44,39.06,4.69,1.56,55.93
29510101300,106,3542,17.42,4.07,64.69,89.62,86.79,99.06,87.74,49.06,14.15,10.38,45.54
29510101400,47,2803,26.44,18.5,64.87,89.36,89.36,95.74,72.34,31.91,8.51,17.02,43.18
29510101500,93,2682,31.32,24.01,37.5,93.55,68.82,86.02,78.49,34.41,5.38,10.75,63.41
29510112100,307,4411,19.7,9.42,64.65,86.97,49.51,88.6,78.18,50.81,11.07,23.13,63.33
29510116500,49,3724,26.96,10.77,78.11,85.71,100.0,97.96,79.59,42.86,4.08,6.12,23.4
29510110300,51,1667,99.82,42.59,29.17,60.78,62.75,98.04,37.25,37.25,1.96,7.84,73.91
29510103700,53,2544,11.48,9.53,74.32,71.7,100.0,96.23,77.36,39.62,7.55,9.43,74.51
29510103800,91,3769,3.53,0.52,71.56,85.71,93.41,96.7,91.21,36.26,7.69,10.99,48.86
29510119102,30,3486,21.4,6.11,55.92,80.0,96.67,86.67,86.67,26.67,16.67,20.0,60.71
29510126800,130,3209,12.46,8.48,71.65,94.62,76.92,86.92,91.54,21.54,3.08,11.54,53.91
29510126900,164,3899,91.25,26.3,46.2,90.24,70.73,93.29,76.83,25.0,3.05,6.71,58.7
29510127000,245,1599,82.36,18.86,23.99,86.53,26.53,66.53,80.41,51.84,3.67,9.39,70.27
29510127400,171,4171,62.79,10.33,53.58,90.64,72.51,84.8,83.63,15.2,8.77,11.7,47.26
29510123100,60,3540,43.87,11.13,63.48,75.0,83.33,83.33,81.67,23.33,3.33,0.0,39.62
29510126600,166,2587,83.03,23.96,15.1,86.75,51.81,83.13,68.07,26.51,4.82,5.42,46.72
29510114102,86,4278,2.03,5.55,75.67,86.05,97.67,96.51,97.67,46.51,8.14,10.47,48.19
29510116302,35,2392,31.06,24.69,38.1,71.43,97.14,91.43,74.29,34.29,8.57,5.71,68.75
29510116301,38,3198,9.44,19.4,92.54,86.84,94.74,100.0,94.74,47.37,13.16,10.53,42.86
29510119101,29,2381,33.52,16.45,51.98,75.86,100.0,86.21,89.66,31.03,10.34,6.9,60.0
29510114101,55,3757,10.94,8.95,50.33,78.18,98.18,100.0,89.09,43.64,7.27,9.09,67.31
29510127100,81,1455,84.19,29.42,16.53,88.89,51.85,91.36,59.26,18.52,6.17,3.7,64.38
29510127200,102,4466,41.09,10.81,69.45,84.31,87.25,94.12,90.2,29.41,2.94,11.76,63.83
29510127300,113,4626,55.62,10.61,63.53,86.73,82.3,94.69,85.84,22.12,9.73,9.73,60.38
29510127500,100,2024,64.38,13.49,27.04,93.0,76.0,93.0,84.0,13.0,8.0,17.0,42.86
29510127600,144,2545,7.66,17.96,82.43,88.89,66.67,79.17,63.89,25.69,4.86,8.33,60.34
29510106400,59,2127,96.61,36.41,36.0,81.36,72.88,91.53,69.49,30.51,5.08,6.78,60.38
29510125600,118,4822,36.81,15.67,75.52,95.76,86.44,84.75,88.14,16.1,16.1,22.88,44.66
29510125700,70,1770,93.9,25.69,23.88,92.86,62.86,87.14,84.29,12.86,7.14,22.86,42.11
29510123300,51,3089,29.43,11.05,59.03,90.2,92.16,94.12,76.47,15.69,0.0,5.88,40.91
29510124100,61,4270,48.81,34.49,40.42,93.44,93.44,96.72,95.08,34.43,4.92,16.39,33.33
29510124200,43,3881,52.67,15.94,44.07,81.4,93.02,93.02,76.74,13.95,6.98,13.95,38.46
29510124300,64,2939,16.67,19.02,93.27,79.69,90.62,89.06,78.12,25.0,9.38,9.38,48.21
